{"cameraMode":{"drawMode":0,"name":"Shaded","section":"Shading Mode"},"sceneLighting":false,"audioPlay":false,"sceneViewState":{"m_AlwaysRefresh":true,"showFog":true,"showSkybox":false,"showFlares":true,"showImageEffects":true,"showParticleSystems":true,"showVisualEffectGraphs":true,"m_FxEnabled":true},"in2DMode":false,"pivot":{"x":0.5817956924438477,"y":-0.6749029159545898,"z":2.863945960998535},"rotation":{"x":-0.23092380166053773,"y":-0.4405602812767029,"z":0.11837631464004517,"w":-0.8594049215316773},"size":11.158212661743164,"orthographic":true}