{"cameraMode":{"drawMode":0,"name":"Shaded","section":"Shading Mode"},"sceneLighting":false,"audioPlay":false,"sceneViewState":{"m_AlwaysRefresh":true,"showFog":true,"showSkybox":false,"showFlares":true,"showImageEffects":true,"showParticleSystems":true,"showVisualEffectGraphs":true,"m_FxEnabled":true},"in2DMode":false,"pivot":{"x":56.652957916259769,"y":-1.6242032051086426,"z":11.287569999694825},"rotation":{"x":0.2972068786621094,"y":0.3981367349624634,"z":-0.13810811936855317,"w":0.8567855358123779},"size":15.156514167785645,"orthographic":true}