{"cameraMode":{"drawMode":0,"name":"Shaded","section":"Shading Mode"},"sceneLighting":false,"audioPlay":false,"sceneViewState":{"m_AlwaysRefresh":true,"showFog":true,"showSkybox":false,"showFlares":true,"showImageEffects":true,"showParticleSystems":true,"showVisualEffectGraphs":true,"m_FxEnabled":true},"in2DMode":false,"pivot":{"x":60.36145782470703,"y":0.885706901550293,"z":-0.26750946044921877},"rotation":{"x":0.1677347719669342,"y":-0.3981456756591797,"z":0.07430268824100495,"w":0.8987911343574524},"size":10.582767486572266,"orthographic":true}