{"cameraMode":{"drawMode":0,"name":"Shaded","section":"Shading Mode"},"sceneLighting":true,"audioPlay":false,"sceneViewState":{"m_AlwaysRefresh":true,"showFog":true,"showSkybox":false,"showFlares":true,"showImageEffects":true,"showParticleSystems":true,"showVisualEffectGraphs":true,"m_FxEnabled":true},"in2DMode":false,"pivot":{"x":29.95174217224121,"y":-0.6006689071655273,"z":6.43745231628418},"rotation":{"x":0.21303562819957734,"y":-0.0790422111749649,"z":0.017293501645326616,"w":0.9736880660057068},"size":14.959867477416993,"orthographic":false}