{"cameraMode":{"drawMode":0,"name":"Shaded","section":"Shading Mode"},"sceneLighting":true,"audioPlay":false,"sceneViewState":{"m_AlwaysRefresh":true,"showFog":true,"showSkybox":false,"showFlares":true,"showImageEffects":true,"showParticleSystems":true,"showVisualEffectGraphs":true,"m_FxEnabled":true},"in2DMode":false,"pivot":{"x":16.866233825683595,"y":1.8087711334228516,"z":1.7041740417480469},"rotation":{"x":0.1615723818540573,"y":-0.3234591782093048,"z":0.0561559721827507,"w":0.9306537508964539},"size":17.985158920288087,"orthographic":false}