{"cameraMode":{"drawMode":0,"name":"Shaded","section":"Shading Mode"},"sceneLighting":false,"audioPlay":false,"sceneViewState":{"m_AlwaysRefresh":true,"showFog":true,"showSkybox":false,"showFlares":true,"showImageEffects":true,"showParticleSystems":true,"showVisualEffectGraphs":true,"m_FxEnabled":true},"in2DMode":false,"pivot":{"x":-0.20378875732421876,"y":5.855315208435059,"z":-11.024778366088868},"rotation":{"x":-0.05696787312626839,"y":0.9323362112045288,"z":-0.31466779112815859,"w":-0.1687917858362198},"size":5.345139026641846,"orthographic":true}