{"cameraMode":{"drawMode":0,"name":"Shaded","section":"Shading Mode"},"sceneLighting":false,"audioPlay":false,"sceneViewState":{"m_AlwaysRefresh":true,"showFog":true,"showSkybox":false,"showFlares":true,"showImageEffects":true,"showParticleSystems":true,"showVisualEffectGraphs":true,"m_FxEnabled":true},"in2DMode":false,"pivot":{"x":-2.7539730072021486,"y":5.3278703689575199,"z":-15.023404121398926},"rotation":{"x":0.03478093072772026,"y":0.9447863101959229,"z":-0.10673914849758148,"w":0.3078584372997284},"size":6.936608791351318,"orthographic":true}