{"cameraMode":{"drawMode":0,"name":"Shaded","section":"Shading Mode"},"sceneLighting":false,"audioPlay":false,"sceneViewState":{"m_AlwaysRefresh":true,"showFog":true,"showSkybox":false,"showFlares":true,"showImageEffects":true,"showParticleSystems":true,"showVisualEffectGraphs":true,"m_FxEnabled":true},"in2DMode":false,"pivot":{"x":1.7667722702026368,"y":2.1628384590148927,"z":3.0054497718811037},"rotation":{"x":0.3097969591617584,"y":0.2968998849391937,"z":-0.10249149799346924,"w":0.8974267840385437},"size":0.8660258054733276,"orthographic":false}