{"cameraMode":{"drawMode":0,"name":"Shaded","section":"Shading Mode"},"sceneLighting":false,"audioPlay":false,"sceneViewState":{"m_AlwaysRefresh":true,"showFog":true,"showSkybox":false,"showFlares":true,"showImageEffects":true,"showParticleSystems":true,"showVisualEffectGraphs":true,"m_FxEnabled":true},"in2DMode":false,"pivot":{"x":1.0008922815322877,"y":1.7110960483551026,"z":-0.0039653778076171879},"rotation":{"x":0.01890319585800171,"y":0.9810566902160645,"z":-0.1407545655965805,"w":0.13175472617149354},"size":11.186429023742676,"orthographic":true}