{"cameraMode":{"drawMode":0,"name":"Shaded","section":"Shading Mode"},"sceneLighting":false,"audioPlay":false,"sceneViewState":{"m_AlwaysRefresh":true,"showFog":true,"showSkybox":false,"showFlares":true,"showImageEffects":true,"showParticleSystems":true,"showVisualEffectGraphs":true,"m_FxEnabled":true},"in2DMode":false,"pivot":{"x":11.020411491394043,"y":13.356199264526368,"z":-14.153985023498536},"rotation":{"x":0.34279865026474,"y":0.1290620118379593,"z":-0.047610096633434299,"w":0.9292842149734497},"size":21.212493896484376,"orthographic":true}