{"cameraMode":{"drawMode":0,"name":"Shaded","section":"Shading Mode"},"sceneLighting":false,"audioPlay":false,"sceneViewState":{"m_AlwaysRefresh":true,"showFog":true,"showSkybox":false,"showFlares":true,"showImageEffects":true,"showParticleSystems":true,"showVisualEffectGraphs":true,"m_FxEnabled":true},"in2DMode":false,"pivot":{"x":11.020411491394043,"y":13.356199264526368,"z":-14.153985023498536},"rotation":{"x":0.2332361340522766,"y":0.6209070086479187,"z":-0.20088064670562745,"w":0.7209199666976929},"size":21.212493896484376,"orthographic":true}