{"cameraMode":{"drawMode":0,"name":"Shaded","section":"Shading Mode"},"sceneLighting":false,"audioPlay":false,"sceneViewState":{"m_AlwaysRefresh":true,"showFog":true,"showSkybox":false,"showFlares":true,"showImageEffects":true,"showParticleSystems":true,"showVisualEffectGraphs":true,"m_FxEnabled":true},"in2DMode":false,"pivot":{"x":-1.1228495836257935,"y":10.129657745361329,"z":3.660763740539551},"rotation":{"x":0.2782455384731293,"y":0.3403080403804779,"z":-0.10616544634103775,"w":0.8919093608856201},"size":17.506580352783204,"orthographic":true}