{"cameraMode":{"drawMode":0,"name":"Shaded","section":"Shading Mode"},"sceneLighting":true,"audioPlay":false,"sceneViewState":{"m_AlwaysRefresh":false,"showFog":true,"showSkybox":false,"showFlares":true,"showImageEffects":true,"showParticleSystems":true,"showVisualEffectGraphs":true,"m_FxEnabled":true},"in2DMode":false,"pivot":{"x":-1.3735160827636719,"y":-0.7185859680175781,"z":7.690157890319824},"rotation":{"x":0.09932643175125122,"y":0.9004102349281311,"z":-0.3108271062374115,"w":0.28772756457328799},"size":12.106218338012696,"orthographic":false}