{"cameraMode":{"drawMode":0,"name":"Shaded","section":"Shading Mode"},"sceneLighting":true,"audioPlay":false,"sceneViewState":{"m_AlwaysRefresh":true,"showFog":true,"showSkybox":false,"showFlares":true,"showImageEffects":true,"showParticleSystems":true,"showVisualEffectGraphs":true,"m_FxEnabled":true},"in2DMode":false,"pivot":{"x":-6.573709487915039,"y":8.102739334106446,"z":-11.19504451751709},"rotation":{"x":0.31905826926231387,"y":0.12882712483406068,"z":-0.04382358491420746,"w":0.9379159808158875},"size":16.493741989135743,"orthographic":true}