{"cameraMode":{"drawMode":0,"name":"Shaded","section":"Shading Mode"},"sceneLighting":false,"audioPlay":false,"sceneViewState":{"m_AlwaysRefresh":true,"showFog":true,"showSkybox":false,"showFlares":true,"showImageEffects":true,"showParticleSystems":true,"showVisualEffectGraphs":true,"m_FxEnabled":true},"in2DMode":false,"pivot":{"x":-1.5958170890808106,"y":1.8068923950195313,"z":11.358321189880371},"rotation":{"x":0.034640710800886157,"y":0.5467186570167542,"z":-0.022645892575383188,"w":0.8362931609153748},"size":2.5355191230773927,"orthographic":true}