{"cameraMode":{"drawMode":0,"name":"Shaded","section":"Shading Mode"},"sceneLighting":true,"audioPlay":false,"sceneViewState":{"m_AlwaysRefresh":false,"showFog":true,"showSkybox":false,"showFlares":true,"showImageEffects":true,"showParticleSystems":true,"showVisualEffectGraphs":true,"m_FxEnabled":true},"in2DMode":false,"pivot":{"x":-12.13863468170166,"y":4.291119575500488,"z":-0.7957487106323242},"rotation":{"x":0.040335651487112048,"y":0.08681954443454743,"z":-0.003518512938171625,"w":0.9954023957252502},"size":3.721306562423706,"orthographic":true}