{"cameraMode":{"drawMode":0,"name":"Shaded","section":"Shading Mode"},"sceneLighting":true,"audioPlay":false,"sceneViewState":{"m_AlwaysRefresh":false,"showFog":true,"showSkybox":false,"showFlares":true,"showImageEffects":true,"showParticleSystems":true,"showVisualEffectGraphs":true,"m_FxEnabled":true},"in2DMode":false,"pivot":{"x":-11.65353775024414,"y":8.23330020904541,"z":0.9096159934997559},"rotation":{"x":0.04795640707015991,"y":0.032355424016714099,"z":-0.0015542256878688932,"w":0.9983242154121399},"size":5.457787990570068,"orthographic":true}