{"cameraMode":{"drawMode":0,"name":"Shaded","section":"Shading Mode"},"sceneLighting":false,"audioPlay":false,"sceneViewState":{"m_AlwaysRefresh":true,"showFog":true,"showSkybox":false,"showFlares":true,"showImageEffects":true,"showParticleSystems":true,"showVisualEffectGraphs":true,"m_FxEnabled":true},"in2DMode":false,"pivot":{"x":-3.3126373291015627,"y":10.271829605102539,"z":-1.9069675207138062},"rotation":{"x":0.09483014792203903,"y":-0.4392325282096863,"z":0.04668806493282318,"w":0.8921349048614502},"size":4.666261196136475,"orthographic":true}