{"cameraMode":{"drawMode":0,"name":"Shaded","section":"Shading Mode"},"sceneLighting":true,"audioPlay":false,"sceneViewState":{"m_AlwaysRefresh":true,"showFog":true,"showSkybox":false,"showFlares":true,"showImageEffects":true,"showParticleSystems":true,"showVisualEffectGraphs":true,"m_FxEnabled":true},"in2DMode":false,"pivot":{"x":-0.005950045306235552,"y":8.257919311523438,"z":0.7860768437385559},"rotation":{"x":-0.2759679853916168,"y":0.2714775502681732,"z":-0.08157311379909516,"w":-0.9184191823005676},"size":8.143348693847657,"orthographic":true}