{"cameraMode":{"drawMode":0,"name":"Shaded","section":"Shading Mode"},"sceneLighting":true,"audioPlay":false,"sceneViewState":{"m_AlwaysRefresh":true,"showFog":true,"showSkybox":false,"showFlares":true,"showImageEffects":true,"showParticleSystems":true,"showVisualEffectGraphs":true,"m_FxEnabled":true},"in2DMode":false,"pivot":{"x":-0.005950045306235552,"y":8.257919311523438,"z":0.7860768437385559},"rotation":{"x":0.37388843297958376,"y":-0.2458421289920807,"z":0.10347656905651093,"w":0.8882938623428345},"size":13.77469253540039,"orthographic":true}