{"cameraMode":{"drawMode":0,"name":"Shaded","section":"Shading Mode"},"sceneLighting":true,"audioPlay":false,"sceneViewState":{"m_AlwaysRefresh":true,"showFog":true,"showSkybox":false,"showFlares":true,"showImageEffects":true,"showParticleSystems":true,"showVisualEffectGraphs":true,"m_FxEnabled":true},"in2DMode":false,"pivot":{"x":0.24705877900123597,"y":8.033953666687012,"z":2.240365982055664},"rotation":{"x":-0.05937541648745537,"y":0.9332926273345947,"z":-0.30349186062812807,"w":-0.18259352445602418},"size":16.165302276611329,"orthographic":true}