{"cameraMode":{"drawMode":0,"name":"Shaded","section":"Shading Mode"},"sceneLighting":true,"audioPlay":false,"sceneViewState":{"m_AlwaysRefresh":true,"showFog":true,"showSkybox":false,"showFlares":true,"showImageEffects":true,"showParticleSystems":true,"showVisualEffectGraphs":true,"m_FxEnabled":true},"in2DMode":false,"pivot":{"x":0.7593722343444824,"y":-4.478483200073242,"z":1.4696788787841797},"rotation":{"x":0.671329140663147,"y":-0.04106114059686661,"z":0.03729705885052681,"w":0.7390808463096619},"size":15.943793296813965,"orthographic":true}