{"cameraMode":{"drawMode":0,"name":"Shaded","section":"Shading Mode"},"sceneLighting":true,"audioPlay":false,"sceneViewState":{"m_AlwaysRefresh":true,"showFog":true,"showSkybox":false,"showFlares":true,"showImageEffects":true,"showParticleSystems":true,"showVisualEffectGraphs":true,"m_FxEnabled":true},"in2DMode":false,"pivot":{"x":0.9423255920410156,"y":6.8181962966918949,"z":-4.038271427154541},"rotation":{"x":0.19204583764076234,"y":-0.7746289372444153,"z":0.27838176488876345,"w":0.534396767616272},"size":13.604646682739258,"orthographic":true}