{"cameraMode":{"drawMode":0,"name":"Shaded","section":"Shading Mode"},"sceneLighting":false,"audioPlay":false,"sceneViewState":{"m_AlwaysRefresh":true,"showFog":true,"showSkybox":false,"showFlares":true,"showImageEffects":true,"showParticleSystems":true,"showVisualEffectGraphs":true,"m_FxEnabled":true},"in2DMode":false,"pivot":{"x":5.1605353355407719,"y":-8.101302146911621,"z":5.566417694091797},"rotation":{"x":-0.4182342290878296,"y":0.10130234062671662,"z":-0.047000396996736529,"w":-0.9014536142349243},"size":20.920352935791017,"orthographic":false}