{"cameraMode":{"drawMode":0,"name":"Shaded","section":"Shading Mode"},"sceneLighting":false,"audioPlay":false,"sceneViewState":{"m_AlwaysRefresh":false,"showFog":true,"showSkybox":false,"showFlares":true,"showImageEffects":true,"showParticleSystems":true,"showVisualEffectGraphs":true,"m_FxEnabled":true},"in2DMode":false,"pivot":{"x":-1.8290386199951172,"y":4.0126237869262699,"z":-29.03087043762207},"rotation":{"x":0.0014555875677615405,"y":0.9974355697631836,"z":-0.06832921504974365,"w":0.021244823932647706},"size":11.797444343566895,"orthographic":false}