{"cameraMode":{"drawMode":0,"name":"Shaded","section":"Shading Mode"},"sceneLighting":false,"audioPlay":false,"sceneViewState":{"m_AlwaysRefresh":true,"showFog":true,"showSkybox":true,"showFlares":true,"showImageEffects":true,"showParticleSystems":true,"showVisualEffectGraphs":true,"m_FxEnabled":true},"in2DMode":false,"pivot":{"x":-1.7447115182876588,"y":0.9223840832710266,"z":-0.9670950174331665},"rotation":{"x":0.1394798457622528,"y":0.31910157203674319,"z":-0.047541528940200809,"w":0.9361948370933533},"size":1.1853971481323243,"orthographic":false}