{"cameraMode":{"drawMode":0,"name":"Shaded","section":"Shading Mode"},"sceneLighting":false,"audioPlay":false,"sceneViewState":{"m_AlwaysRefresh":true,"showFog":true,"showSkybox":true,"showFlares":true,"showImageEffects":true,"showParticleSystems":true,"showVisualEffectGraphs":true,"m_FxEnabled":true},"in2DMode":false,"pivot":{"x":33.740203857421878,"y":-116.89535522460938,"z":-20.340991973876954},"rotation":{"x":-0.5903069972991943,"y":0.06592117995023728,"z":-0.04845930635929108,"w":-0.8030264973640442},"size":130.70619201660157,"orthographic":false}