{"cameraMode":{"drawMode":0,"name":"Shaded","section":"Shading Mode"},"sceneLighting":false,"audioPlay":false,"sceneViewState":{"m_AlwaysRefresh":true,"showFog":true,"showSkybox":true,"showFlares":true,"showImageEffects":true,"showParticleSystems":true,"showVisualEffectGraphs":true,"m_FxEnabled":false},"in2DMode":false,"pivot":{"x":60.80294418334961,"y":14.148214340209961,"z":-12.930330276489258},"rotation":{"x":-0.14611780643463136,"y":-0.2069806605577469,"z":0.03125980868935585,"w":-0.9667761921882629},"size":11.537275314331055,"orthographic":true}