{"cameraMode":{"drawMode":0,"name":"Shaded","section":"Shading Mode"},"sceneLighting":true,"audioPlay":false,"sceneViewState":{"m_AlwaysRefresh":true,"showFog":true,"showSkybox":true,"showFlares":true,"showImageEffects":true,"showParticleSystems":true,"showVisualEffectGraphs":true,"m_FxEnabled":true},"in2DMode":false,"pivot":{"x":-5.999034881591797,"y":1.293346881866455,"z":3.4533863067626955},"rotation":{"x":0.11630430817604065,"y":0.14840084314346314,"z":-0.017577974125742914,"w":0.981907844543457},"size":4.749616622924805,"orthographic":false}