{"cameraMode":{"drawMode":0,"name":"Shaded","section":"Shading Mode"},"sceneLighting":true,"audioPlay":false,"sceneViewState":{"m_AlwaysRefresh":true,"showFog":true,"showSkybox":true,"showFlares":true,"showImageEffects":true,"showParticleSystems":true,"showVisualEffectGraphs":true,"m_FxEnabled":true},"in2DMode":false,"pivot":{"x":3.7066216468811037,"y":-0.42141199111938479,"z":15.510663032531739},"rotation":{"x":0.04137979447841644,"y":0.9579833149909973,"z":-0.21774709224700929,"w":0.18205107748508454},"size":5.914124488830566,"orthographic":false}