{"cameraMode":{"drawMode":0,"name":"Shaded","section":"Shading Mode"},"sceneLighting":true,"audioPlay":false,"sceneViewState":{"m_AlwaysRefresh":true,"showFog":true,"showSkybox":true,"showFlares":true,"showImageEffects":true,"showParticleSystems":true,"showVisualEffectGraphs":true,"m_FxEnabled":true},"in2DMode":false,"pivot":{"x":30.083831787109376,"y":3.015026807785034,"z":34.097923278808597},"rotation":{"x":0.39985188841819765,"y":0.260207861661911,"z":-0.11949443072080612,"w":0.8707068562507629},"size":43.946651458740237,"orthographic":true}