{"cameraMode":{"drawMode":0,"name":"Shaded","section":"Shading Mode"},"sceneLighting":false,"audioPlay":false,"sceneViewState":{"m_AlwaysRefresh":true,"showFog":true,"showSkybox":true,"showFlares":true,"showImageEffects":true,"showParticleSystems":true,"showVisualEffectGraphs":true,"m_FxEnabled":true},"in2DMode":false,"pivot":{"x":0.044107913970947269,"y":-0.6963164806365967,"z":1.314131259918213},"rotation":{"x":0.1773976981639862,"y":0.1060602143406868,"z":-0.01923377998173237,"w":0.9782187938690186},"size":4.944069862365723,"orthographic":true}