{"cameraMode":{"drawMode":0,"name":"Shaded","section":"Shading Mode"},"sceneLighting":true,"audioPlay":false,"sceneViewState":{"m_AlwaysRefresh":true,"showFog":true,"showSkybox":true,"showFlares":true,"showImageEffects":true,"showParticleSystems":true,"showVisualEffectGraphs":true,"m_FxEnabled":true},"in2DMode":false,"pivot":{"x":-4.227023124694824,"y":-18.963577270507814,"z":-11.509044647216797},"rotation":{"x":0.5589725375175476,"y":0.059579312801361087,"z":-0.04031570255756378,"w":0.8260599970817566},"size":65.93321228027344,"orthographic":false}