{"cameraMode":{"drawMode":0,"name":"Shaded","section":"Shading Mode"},"sceneLighting":true,"audioPlay":false,"sceneViewState":{"m_AlwaysRefresh":true,"showFog":true,"showSkybox":true,"showFlares":true,"showImageEffects":true,"showParticleSystems":true,"showVisualEffectGraphs":true,"m_FxEnabled":true},"in2DMode":false,"pivot":{"x":33.11451721191406,"y":36.124664306640628,"z":14.05997085571289},"rotation":{"x":0.06545892357826233,"y":0.9340733885765076,"z":-0.2630434036254883,"w":0.23244641721248628},"size":59.27289962768555,"orthographic":true}