{"cameraMode":{"drawMode":0,"name":"Shaded","section":"Shading Mode"},"sceneLighting":false,"audioPlay":false,"sceneViewState":{"m_AlwaysRefresh":true,"showFog":true,"showSkybox":true,"showFlares":true,"showImageEffects":true,"showParticleSystems":true,"showVisualEffectGraphs":true,"m_FxEnabled":true},"in2DMode":false,"pivot":{"x":-0.29589542746543887,"y":0.36919188499450686,"z":-0.6309677958488464},"rotation":{"x":0.1925256997346878,"y":0.30478864908218386,"z":-0.06305403262376785,"w":0.9306250810623169},"size":2.768850803375244,"orthographic":true}