{"cameraMode":{"drawMode":0,"name":"Shaded","section":"Shading Mode"},"sceneLighting":false,"audioPlay":false,"sceneViewState":{"m_AlwaysRefresh":true,"showFog":true,"showSkybox":false,"showFlares":true,"showImageEffects":true,"showParticleSystems":true,"showVisualEffectGraphs":true,"m_FxEnabled":true},"in2DMode":false,"pivot":{"x":-3.503223419189453,"y":1.2079429626464844,"z":2.1314802169799806},"rotation":{"x":0.4756918251514435,"y":-0.25024765729904177,"z":0.1432485580444336,"w":0.8310083746910095},"size":14.579337120056153,"orthographic":true}