{"cameraMode":{"drawMode":0,"name":"Shaded","section":"Shading Mode"},"sceneLighting":false,"audioPlay":false,"sceneViewState":{"m_AlwaysRefresh":false,"showFog":true,"showSkybox":false,"showFlares":true,"showImageEffects":true,"showParticleSystems":true,"showVisualEffectGraphs":true,"m_FxEnabled":true},"in2DMode":false,"pivot":{"x":-0.010343194007873536,"y":2.823976993560791,"z":-0.32334911823272707},"rotation":{"x":0.19137200713157655,"y":0.3665664792060852,"z":-0.07732707262039185,"w":0.9072120785713196},"size":4.384157657623291,"orthographic":true}