{"cameraMode":{"drawMode":0,"name":"Shaded","section":"Shading Mode"},"sceneLighting":false,"audioPlay":false,"sceneViewState":{"m_AlwaysRefresh":true,"showFog":true,"showSkybox":false,"showFlares":true,"showImageEffects":true,"showParticleSystems":true,"showVisualEffectGraphs":true,"m_FxEnabled":true},"in2DMode":false,"pivot":{"x":-2.506227970123291,"y":6.336108207702637,"z":0.48511266708374026},"rotation":{"x":0.06760400533676148,"y":-0.8880038857460022,"z":0.4332318603992462,"w":0.13856804370880128},"size":16.298751831054689,"orthographic":true}