{"cameraMode":{"drawMode":0,"name":"Shaded","section":"Shading Mode"},"sceneLighting":false,"audioPlay":false,"sceneViewState":{"m_AlwaysRefresh":true,"showFog":true,"showSkybox":false,"showFlares":true,"showImageEffects":true,"showParticleSystems":true,"showVisualEffectGraphs":true,"m_FxEnabled":true},"in2DMode":false,"pivot":{"x":-7.690991401672363,"y":-0.44966602325439455,"z":-1.9835779666900635},"rotation":{"x":0.10130524635314942,"y":-0.8572539687156677,"z":0.18486753106117249,"w":0.4697641134262085},"size":20.61338233947754,"orthographic":true}