{"cameraMode":{"drawMode":0,"name":"Shaded","section":"Shading Mode"},"sceneLighting":false,"audioPlay":false,"sceneViewState":{"m_AlwaysRefresh":true,"showFog":true,"showSkybox":false,"showFlares":true,"showImageEffects":true,"showParticleSystems":true,"showVisualEffectGraphs":true,"m_FxEnabled":true},"in2DMode":false,"pivot":{"x":4.005572319030762,"y":10.42374324798584,"z":1.810171127319336},"rotation":{"x":0.46277016401290896,"y":-0.32580646872520449,"z":0.18775461614131928,"w":0.8028068542480469},"size":5.9497199058532719,"orthographic":true}