{"cameraMode":{"drawMode":0,"name":"Shaded","section":"Shading Mode"},"sceneLighting":false,"audioPlay":false,"sceneViewState":{"m_AlwaysRefresh":true,"showFog":true,"showSkybox":false,"showFlares":true,"showImageEffects":true,"showParticleSystems":true,"showVisualEffectGraphs":true,"m_FxEnabled":true},"in2DMode":false,"pivot":{"x":-7.690991401672363,"y":-0.44966602325439455,"z":-1.9835779666900635},"rotation":{"x":0.032161299139261249,"y":-0.9571875333786011,"z":0.2627446949481964,"w":0.11716154217720032},"size":20.61338233947754,"orthographic":true}