{"cameraMode":{"drawMode":0,"name":"Shaded","section":"Shading Mode"},"sceneLighting":true,"audioPlay":false,"sceneViewState":{"m_AlwaysRefresh":true,"showFog":true,"showSkybox":false,"showFlares":true,"showImageEffects":true,"showParticleSystems":true,"showVisualEffectGraphs":true,"m_FxEnabled":true},"in2DMode":false,"pivot":{"x":0.9235687255859375,"y":11.350081443786621,"z":2.885429859161377},"rotation":{"x":0.49665629863739016,"y":-0.23339731991291047,"z":0.1406671702861786,"w":0.8240617513656616},"size":24.720720291137697,"orthographic":true}