{"cameraMode":{"drawMode":0,"name":"Shaded","section":"Shading Mode"},"sceneLighting":false,"audioPlay":false,"sceneViewState":{"m_AlwaysRefresh":true,"showFog":true,"showSkybox":false,"showFlares":true,"showImageEffects":true,"showParticleSystems":true,"showVisualEffectGraphs":true,"m_FxEnabled":true},"in2DMode":false,"pivot":{"x":3.9357967376708986,"y":-3.139261245727539,"z":1.4709882736206055},"rotation":{"x":-0.10935181379318237,"y":0.8840253949165344,"z":-0.37365472316741946,"w":-0.25871312618255618},"size":28.676197052001954,"orthographic":true}