{"cameraMode":{"drawMode":0,"name":"Shaded","section":"Shading Mode"},"sceneLighting":false,"audioPlay":false,"sceneViewState":{"m_AlwaysRefresh":true,"showFog":true,"showSkybox":false,"showFlares":true,"showImageEffects":true,"showParticleSystems":true,"showVisualEffectGraphs":true,"m_FxEnabled":true},"in2DMode":false,"pivot":{"x":14.886868476867676,"y":14.26972770690918,"z":-19.654550552368165},"rotation":{"x":0.5057806968688965,"y":-0.01681969314813614,"z":0.009864277206361294,"w":0.8624423742294312},"size":27.612951278686525,"orthographic":true}