{"cameraMode":{"drawMode":0,"name":"Shaded","section":"Shading Mode"},"sceneLighting":false,"audioPlay":false,"sceneViewState":{"m_AlwaysRefresh":true,"showFog":true,"showSkybox":false,"showFlares":true,"showImageEffects":true,"showParticleSystems":true,"showVisualEffectGraphs":true,"m_FxEnabled":true},"in2DMode":false,"pivot":{"x":-1.7228765487670899,"y":9.081418991088868,"z":-15.211421966552735},"rotation":{"x":0.4158375859260559,"y":0.19917185604572297,"z":-0.09386304020881653,"w":0.8823831677436829},"size":20.505823135375978,"orthographic":true}