{"cameraMode":{"drawMode":0,"name":"Shaded","section":"Shading Mode"},"sceneLighting":false,"audioPlay":false,"sceneViewState":{"m_AlwaysRefresh":true,"showFog":true,"showSkybox":false,"showFlares":true,"showImageEffects":true,"showParticleSystems":true,"showVisualEffectGraphs":true,"m_FxEnabled":true},"in2DMode":false,"pivot":{"x":10.04439640045166,"y":10.103391647338868,"z":-19.941402435302736},"rotation":{"x":0.31435060501098635,"y":0.4851115047931671,"z":-0.19229750335216523,"w":0.7930155396461487},"size":20.505823135375978,"orthographic":true}